estimate,se,maximum_log_likelihood
-1.630837159815379,0.16408076462836083,-870.6734484703538
0.9868013246783314,0.17568516121811875,-870.6734484703538
0.37472715119241046,0.25124243963094495,-870.6734484703538
-1.321823065555044,0.5379854644016653,-870.6734484703538
1.6660992008103923,0.1932141926801593,-870.6734484703538
1.669693219128041,0.27220656163116935,-870.6734484703538
0.10090771467586218,0.22583403929702917,-870.6734484703538
-1.1065076406810406,0.4679129442191135,-870.6734484703538
