estimate,maximum_log_likelihood
-1.6454789496372946,-871.2364016014235
0.983476336103881,-871.2364016014235
0.3806287519397241,-871.2364016014235
-1.2963334816869514,-871.2364016014235
1.667349849460791,-871.2364016014235
1.6696828552272767,-871.2364016014235
0.10607352255593586,-871.2364016014235
-1.102196134492389,-871.2364016014235
