estimate,se
-2.4951687235298396,0.6311821592756178
0.156769729339101,0.29030790110530325
1.7984890044182231,0.5846371701659583
0.5474400523897096,0.7665146501308856
-2.437797987390134,2.136782009161557
0.7662325641403718,0.4908247112511648
0.47280957344407,0.4050758554035168
1.4658021794574725,0.6084719480841004
1.020331362208125,0.6105034127115481
-0.6883128006886219,1.1663012398972383
