estimate,se
-1.094554347994355,0.5286963640465346
-0.5714922452439097,0.3421321634654224
0.09364940868507417,0.5951459083785895
0.09239069407087362,0.5898260807522784
-0.915216206467149,1.3628268253634797
1.700373985433349,0.6117174439726144
0.24956184164040282,0.47855997002453465
11.375983232128355,94.58673382980692
0.7213426390691802,0.6400973018498257
-1.9425900978094968,1.1340535812632397
